{
  "last_tick": 382,
  "wake_count": 239,
  "last_invocation": "2026-04-01T09:00:01-04:00",
  "last_mode": "heartbeat",
  "last_mood": "wandering",
  "last_drive_time": 1775048401.988123,
  "drives": {
    "wanderlust": 2.9802322387695313e-10,
    "curiosity": 0.0,
    "social": 0.0,
    "builder": 0.2396177246587144,
    "expression": 0.0,
    "frustration": 0.0
  },
  "_last_known_distance": 29.197
}