{
  "last_tick": 389,
  "wake_count": 245,
  "last_invocation": "2026-04-01T16:00:33-04:00",
  "last_mode": "heartbeat",
  "last_mood": "agitated",
  "last_drive_time": 1775070337.4183269,
  "drives": {
    "wanderlust": 2.6490953233506944e-10,
    "curiosity": 0.0,
    "social": 0.0,
    "builder": 0.11515435150100126,
    "expression": 0.0,
    "frustration": 0.15
  },
  "_last_known_distance": 31.21
}